{
  "algorithm": "MultitaskMLP",
  "encoding": "esm2",
  "input_dim": 320,
  "task_dims": {
    "ec": 7,
    "localization": 8,
    "function": 6
  },
  "epochs": 5,
  "batch_size": 64,
  "learning_rate": 0.001,
  "train_samples": 5374,
  "val_samples": 1792,
  "test_samples": 1792,
  "test_results": {
    "ec": {
      "accuracy": 0.9525669642857143,
      "f1_macro": 0.9324720395169761,
      "f1_weighted": 0.9531184281591445
    },
    "localization": {
      "accuracy": 0.9391741071428571,
      "f1_macro": 0.41185079267434277,
      "f1_weighted": 0.9502493720084264
    },
    "function": {
      "accuracy": 0.9553571428571429,
      "f1_macro": 0.7044341033477667,
      "f1_weighted": 0.9632558726123871
    }
  },
  "train_time": 2.8174643516540527
}