{
  "algorithm": "MultitaskMLP",
  "encoding": "esm2",
  "input_dim": 320,
  "task_dims": {
    "ec": 7,
    "localization": 7,
    "function": 7
  },
  "epochs": 100,
  "batch_size": 64,
  "learning_rate": 0.001,
  "train_samples": 4000,
  "test_results": {
    "ec": {
      "accuracy": 0.823,
      "f1_macro": 0.7538567738567332
    },
    "localization": {
      "accuracy": 0.833,
      "f1_macro": 0.5653685322177754
    },
    "function": {
      "accuracy": 0.833,
      "f1_macro": 0.5589555352823592
    }
  },
  "train_time": 19.199580192565918
}