{
  "algorithm": "RandomForest",
  "encoding": "esm2",
  "input_dim": 320,
  "n_classes": 7,
  "n_estimators": 10,
  "max_depth": 5,
  "train_samples": 5374,
  "test_accuracy": 0.8113839285714286,
  "test_f1_macro": 0.5836041912565934,
  "train_time": 0.3193175792694092
}